{
    "Thailand": {
        "A": 4.873278457304198,
        "B": 0.9230349681681286,
        "C": 419574.3898948321,
        "D": 223284.8915578705
    },
    "Singapore": {
        "A": 4.535248911972,
        "B": 1.5316260068333483,
        "C": 11528.476460219306,
        "D": 715057.385152754
    },
    "Nepal": {
        "A": 1.0,
        "B": 1.0,
        "C": 1.0,
        "D": 1.0
    },
    "Canada": {
        "A": 6.506524683829073,
        "B": 9.118458618700007,
        "C": 114.81243086671816,
        "D": 549699.1998436359
    },
    "Sri Lanka": {
        "A": 1.0102440317372183,
        "B": 81.0223423048153,
        "C": 46.119912513541294,
        "D": 11.967099260764304
    },
    "United Arab Emirates": {
        "A": 6.991835304712081,
        "B": 6.71472360576028,
        "C": 49.39294295795811,
        "D": 253.50602124179818
    },
    "India": {
        "A": 2.1464935976375243,
        "B": 8.81933118455819,
        "C": 46.240086800771735,
        "D": 244.7911280172718
    },
    "Sweden": {
        "A": 0.789455616119397,
        "B": 12.894942289488583,
        "C": 45.273223920973784,
        "D": 2856.220919801602
    },
    "Belgium": {
        "A": -1.450964768445762,
        "B": 8.629609910463277,
        "C": 94.36405076632838,
        "D": 1363886.7041568703
    },
    "Egypt": {
        "A": 0.23421950398722868,
        "B": 9.40771280227348,
        "C": 25.68019605342176,
        "D": 126.72086801092375
    },
    "Lebanon": {
        "A": 2.1746311139251517,
        "B": 3.5735959922628284,
        "C": 207.2097997883061,
        "D": 267618.73510969704
    },
    "Iraq": {
        "A": 1.7184447294650143,
        "B": 1.593377987286402,
        "C": 1852.4882715536191,
        "D": 147959.43486118797
    },
    "Oman": {
        "A": 3.243217938431955,
        "B": 5.6318550060789505,
        "C": 7.792379279505768,
        "D": 18.106394486479378
    },
    "Afghanistan": {
        "A": 0.8816275502944257,
        "B": 6.176130618577997,
        "C": 17.50295648820965,
        "D": 15.266637042783499
    },
    "Bahrain": {
        "A": 33.86757524533282,
        "B": 5.337168662095537,
        "C": 16.470579339680516,
        "D": 302.34603285913914
    },
    "Algeria": {
        "A": -0.2174770671660725,
        "B": 1.9002027934543588,
        "C": 25.40919032447399,
        "D": 91.00925266142488
    },
    "Croatia": {
        "A": 5.963864347895794,
        "B": 4.478307367023906,
        "C": 108.63512880963982,
        "D": 96119.79574347964
    },
    "Switzerland": {
        "A": 24.55352671717237,
        "B": 3.9567554010084676,
        "C": 139.5634497804714,
        "D": 4292785.586663157
    },
    "Pakistan": {
        "A": 3.6682786676606858,
        "B": 7.524689214747903,
        "C": 15.100596150033262,
        "D": 42.25266019951295
    },
    "Brazil": {
        "A": 10.341908461243191,
        "B": 52.225148482951745,
        "C": 15.23498324891131,
        "D": 155.95479463839362
    },
    "Georgia": {
        "A": 1.7944140952873737,
        "B": 6.260124623693397,
        "C": 12.956521884852917,
        "D": 33.5933254593038
    },
    "Greece": {
        "A": 6.165843626213864,
        "B": 3.4414250850827424,
        "C": 178.1066028802591,
        "D": 675110.2991100977
    },
    "North Macedonia": {
        "A": 0.9688075943687103,
        "B": 4.253412839966392,
        "C": 33.91858238131139,
        "D": 273.70961556165287
    },
    "Norway": {
        "A": 25.26592288204547,
        "B": 6.219118851686891,
        "C": 16.366874002334367,
        "D": 1982.3288948745455
    },
    "Estonia": {
        "A": 5.5736220566548065,
        "B": 39.52757999364126,
        "C": 14.784974115662523,
        "D": 119.9636277004128
    },
    "Netherlands": {
        "A": 6.0864313325382335,
        "B": 3.052213118308119,
        "C": 217.51483482198165,
        "D": 2664100.183796322
    },
    "San Marino": {
        "A": 1.1507539040004497,
        "B": 2.2643527621941204,
        "C": 27.212377292772405,
        "D": 363.1419739717595
    },
    "Belarus": {
        "A": 2.782525775335969,
        "B": 4.781529607001418,
        "C": 67.83983596431293,
        "D": 35108.247903458534
    },
    "Iceland": {
        "A": 4.675240967528896,
        "B": 2.160322896764071,
        "C": 707.7207032955787,
        "D": 593150.1856820396
    },
    "Lithuania": {
        "A": 0.9779513253065224,
        "B": 11.66797476102111,
        "C": 14.446522757194543,
        "D": 12.617200192577366
    },
    "Mexico": {
        "A": 5.140994703499069,
        "B": 9.695812759308756,
        "C": 34.82816561198653,
        "D": 69832.60906390061
    },
    "New Zealand": {
        "A": 0.9240052393912821,
        "B": 5.280877888461329,
        "C": 5.735277626321164,
        "D": 5.2943575582301765
    },
    "Nigeria": {
        "A": 0.9999999999921287,
        "B": 441.2007342215651,
        "C": 9.487317730216418,
        "D": 2.000000000013723
    },
    "Ireland": {
        "A": 6.620072627533051,
        "B": 5.17700743539787,
        "C": 71.06436334450326,
        "D": 534428.4433129111
    },
    "Luxembourg": {
        "A": 1.5120239926644727,
        "B": 11.810771457810846,
        "C": 13.395827477340772,
        "D": 80.42092961025286
    },
    "Monaco": {
        "A": 0.9999999999948689,
        "B": 538.5997515357175,
        "C": 11.490794108644204,
        "D": 2.0000000000239955
    },
    "Qatar": {
        "A": 7.665630222313088,
        "B": 45.833208887736625,
        "C": 10.606784567449402,
        "D": 307.3132688094515
    },
    "Ecuador": {
        "A": 6.257519100297348,
        "B": 1.1589740387716885,
        "C": 9863.774985674905,
        "D": 34517.91924390343
    },
    "Azerbaijan": {
        "A": 2.534201802225989,
        "B": 1.5822142386421874,
        "C": 17.869173110591785,
        "D": 34.79370513862551
    },
    "Armenia": {
        "A": 0.9494263427920873,
        "B": 13.129931708880337,
        "C": 14.031513621406933,
        "D": 64.39729316531194
    },
    "Dominican Republic": {
        "A": 0.8774941772951412,
        "B": 1.9574750649366566,
        "C": 563.9874501124413,
        "D": 12326.086165906645
    },
    "Indonesia": {
        "A": 2.654708813409218,
        "B": 4.019621735688147,
        "C": 87.05138150042748,
        "D": 262956.01835801953
    },
    "Portugal": {
        "A": 10.034075214758598,
        "B": 4.419025194657824,
        "C": 77.52907993715453,
        "D": 582073.2217742066
    },
    "Andorra": {
        "A": 1.0,
        "B": 1.0,
        "C": 1.0,
        "D": 1.0
    },
    "Latvia": {
        "A": 1.0214570201856297,
        "B": 3.800957506381199,
        "C": 96.9760079779628,
        "D": 66712.20002386546
    },
    "Morocco": {
        "A": 1.7865834762243042,
        "B": 7.826125328679518,
        "C": 34.32650211331168,
        "D": 54211.82867383097
    },
    "Saudi Arabia": {
        "A": 5.171312492633676,
        "B": 8.953176850300723,
        "C": 10.949621895560067,
        "D": 149.90524760328748
    },
    "Senegal": {
        "A": 3.4999980915827864,
        "B": 108.18900771637304,
        "C": 10.232356278035716,
        "D": 10.001295925422808
    },
    "Argentina": {
        "A": 0.4007729922206443,
        "B": 1.681256267007991,
        "C": 938.7938655867354,
        "D": 58234.62145847069
    },
    "Chile": {
        "A": 3.0236773708827145,
        "B": 3.9804740097995137,
        "C": 78.64367491220965,
        "D": 143907.4005869358
    },
    "Jordan": {
        "A": 1.0,
        "B": 1.0,
        "C": 1.0,
        "D": 1.0
    },
    "Ukraine": {
        "A": 0.9999999999312089,
        "B": 410.8457590292559,
        "C": 9.49022881644894,
        "D": 3.0000000004615552
    },
    "Hungary": {
        "A": 2.9756989151541524,
        "B": 2.8292781019515907,
        "C": 183.56851894641275,
        "D": 92785.0092126819
    },